Updated 3/5/2017,CPU,Blck,Core Mult,Core Freq,Cache Freq,Vcore in Bios,Vcore,Fclk,Cooler,Stability,Batch,Ram Settings,Motherboard,Additional Comments,Picture Verified?,VCCIO,SA
Enterprise24,6500,156.25,32,5,5,1.47,1.47,1.562,Custom Loop (380/360mm) + Delid w/ GTX 240,P95 v28.10 1344 1hr,Malay L540B592,3600 17-18-18-38-2T @ 1.4v,MSI z170 Gaming Pro Carbon,"LLC Mode 1, Ambient 25C, 62C load",Yes,,1.05
brumbaer,6700k,100,50,5,5,,1.583,1,H110 Delid Reseal,P95 v28.7 1344 1hr,L5468627,3100 15-15-15-35 @ 1.35v,Asus z170 A,"LLC Level 2; Overclock is part degradation science project, part daily driver",Yes,,
Maintenance Bot,6600k,100,50,5,4.5,1.43,1.44,1,"Custom Loop, 2x240mm, Delid Reseal",OCCT 1hr,X543B791,2666 13-14-14-39-2T @ 1.35v,ASRock z170 OC Formula,"SI binned 4.9ghz + delid service, LLC Level 1",Yes,,
SteveRo,6700k,100.125,49,4.906,4.735,1.395 +110mv,1.456,0.8004,Custom Loop,x264 16T 5hr (x34),Malay L535B123,3122 14-15-15-36 @ 1.4v,ASRock z170 OC Formula,LLC Level 2,Yes,,
Excession,6700k,100,49,4.9,4.7,1.5,1.519,1,"Custom Loop, 360mm, Delid",P95 v28.9 Blend 2.5hr,Malay L524B574,3200 16-16-16-36-1T @1.5v,Asus z170 Deluxe,"LLC Level 6, Originally 4.7/4.7 # 1.344v under Realbench 8hr on Hyper Evo.",Yes,,
v1ral,6700k,100,49,4.9,4.6,,1.44,1,"Custom Loop, 360mm + H220X",Realbench 8hr,X551C486,XMP 2400 16-16-16-39-2T @ 1.2v,ASRock z170 Extreme 7,"LLC Level 1, SI binned 4.8ghz + delid service",Yes,,
QuantumX,6700k,100,49,4.9,4.5,1.385,1.386,1,"H80, Delid",x264 16T 7hr (x67),L519C192,3200 15-15-15-45 @ 1.29v,MSI z170 Titanium,LLC Mode 2,Yes,1.09,1.03
Spagy,6600k,100,49,4.9,3.9,1.465,1.41,1,H110i GTX,"OCCT v4.4.1 1.5hr, OCCT Linpack 5hr",L521B469,XMP 3200 16-16-16-36 @ 1.35v,Asus z170 Hero,LLC Level 6,Yes,,
SteveRo,6700k,101.9,48,4.891,4.18,1.395 +200mv,1.456,0.8004,"Custom Loop, 2 x 480mm, Delid Reseal",x264 16T 6hr (x50),Malay L542B535,3532 15-17-17-36 @ 1.41v,ASRock z170 OC Formula,"LLC Level 1, SI binned 4.8ghz + delid service",Yes,1.21,1.2
Arctucas,6700k,103.5,47,4.864,4.761,1.39,1.402,1.035,"Custom Loop, 420mm, Delid + Reseal",Realbench 8hr,Vietname X551C521,3727 15-15-15-34-2T @ 1.455v,EVGA Classified K,,Yes,1.224,1.264
Dark_wizzie,6600k,101,48,4.848,4.848,1.41,1.408,1.01,D14 Delid Reseal,"x264 16T 12hr (x72), 48 hours of Chess",Malay L526B286,3232 16-16-16-36 @ 1.35v,Asus z170 Hero,"SI binned 4.8ghz + delid service, LLC Level 5",Yes,,
SteveRo,6600k,100.75,48,4.836,3.929,1.425,1.456,0.806,"Custom Loop, 480mm, Delid Reseal",x264 16T 5hr (x33),Malay L524B346,2146 15-15-15 @ 1.37v,ASRock z170 OC Formula,"SI binned 4.8ghz + delid service, LLC Level 1",Yes,,
MazrimCF,6700k,101,48,4.848,,1.39,1.456,1.0098,H100i GTX,Realbench 8hr,,2666 16-18-18-35 @ 1.25v?,Asus z170 Hero,,Yes,,
audiotest,G4400,146,33,4.818,4.818,1.45,1.472,1.46,Weird ghetto air/TEC setup (trew storie),P28.7 small FFT 1hr,Malay L525C594,2336 15-17-17-39,Asus z170 Deluxe,,Yes,,
josephimports ,G4400,146,33,4.818,1.47,1.46,1.467,1.168,"Logisys MC6002GS, Delid",OCCT 1hr, Vietnam X550C043,2724 16-17-17-36-1T @ 1.25v,ASRock z170 OC Formula,LLC Level 1,Yes,,
JJBY,6700k,100.15,48,4.805,4.104,1.35 + 0.076,1.456,1000.7,"Custom Loop, 360mm",P95 29.7 3hr,Vietnam X615C436,2133 15-15-15-36 @ 1.2v,Asus z170 Formula,LLC Level 5,Yes,,
Minar,6700k,104.43,46,4.803,4.281,1.45,1.44,1.044,"Custom Loop, 360mm, Delid Reseal",x264 16T x64,Malay LN6564,3342 15-17-17-35 @ 1.4v,MSI z170 M1,LLC Mode 1,Yes,,
JourneymanMike,6700k,100.2,48,4.8022,4.1028,1.44,1.482,1.0017,Custom Loop,IBT Max 3hr,Malay L550C79,3005.2 @ 1.36v,Asus z170 Gene,LLC Level 7,,,
xcel,6700k,100,48,4.8,4.8,1.345,1.344,,Silver Arrow ITX,"x264 7.5hr (x50), Realbench 8hr",L527B283,2400 15-15-15-36 @ 1.2v,Asus z170 Gene,LLC Level 6,Yes,,
Pheonixx4,6700k,100,48,4.8,4.8,1.41,1.392,0.8,D15,x264 16T 5.5hr (x50),L548C033,2133 15-15-15-36 @ ??v,Gigabyte z170 Gaming 7,LLC High,Yes,,
SteveRo,6400,177.8,27,4.8,4.8,1.41,1.41?,1.423,"Custom Loop, 2x480mm ",P95 v28.7 1hr,Vietnam X540B320,1950 19-21-21-41 @ 1.37v,ASRock z170 OC Formula,LLC Level 1,Yes,1.22,1.22
dhaine ,6700k,100,48,4.8,4.8,1.39,1.424,1,"H100i GT, Delid Reseal",x264 16T 5hr (x41),:(,3600 16-18--18-35 (4 dimms) @ 1.45v,ASRock z170 OC Formula,"SI Binned 4.9ghz + delid service, LLC Level 1",Yes,1.216,1.264
agung79,6700k,100,48,4.8,4.8,1.48,1.432,,"Custom Loop, 420mm, 2x360mm, 140mm","P95 v27.9 1hr, IBT Standard x10",Malay L525B503,2133 15-15-15 @ 1.2v,MSI z170 Gaming m7,x264 stable @ 4.9ghz under 1.61v,Yes,,
lilchronic,6600k,100,48,4.8,4.8,1.45,1.44,1,"Custom Loop 240mm, Delid",Realbench 5hr,L526B323,3200 14-14-14-35-1T @ 1.41,ASRock z170 OC Formula,LLC Level 1,Yes,1.2,1.35
Nick the Slick,6700k,100,48,4.8,4.8,1.44,1.44,1,"Custom Loop (360 + 240mm), Delidded",Realbench 8hr,Vietnam X645B547,3000 15-15-15-35-2T @ 1.36v,Asus z170 Pro,LLC Level 6,,,
zinjos,6700k,100,48,4.8,4.8,1.47,1.484,,"Custom Loop, 4x120mm, Delid+IHS Reseat",x264 50 loops 16T,Malay L523B483,3000 17-18-18-36 @ 1.35v,Asus z170 Pro Gaming,LLC Level 5,Yes,,
Jpmboy,6700k,100,48,4.8,4.8,1.475,1.488,1,"Custom Loop, Delid Reseal",P95 v28.7 1hr,L539B636,3866 C18 @ 1.475v,Asus z170 Extreme,"LLC Level 4, Did 4.7 pre-delid @ 1.4v",Yes,,
Kofferkulli,6600k,100,48,4.8,4.6,1.4,1.36,1,EKL Brocken 2,x264 16T x51,Germany L545B253,XMP 2400 15-15-15-35 @ 1.2v,MSI z170 M5,"P95 v28.7, FFT size 8, for an unknown period of time",Yes,,
rx7racer,6700,141.5,34,4.8,4.5,1.435,1.416,0.566,Water Cooling,"P95 v28.9 3hr, IBT Max x10",,3000 16-16-16-36 @ 1.35v,Gigabyte z170 Gaming 5,LLC High,Yes,,
mandrix,6700k,100,48,4.8,4.5,1.43 + 0.005,1.44,1,"Custom Loop, 3x480mm, 1x240mm, Delid","x264 x32, x265 4k/x8 Overkill 18hr?",Malay L518C404,3200 15-17-17-36 @ 1.4v,Asus z170 Hero,"LLC Level 4, Did 4.7 pre-delid @ 1.4v",Yes,,
KizilejdeR,6700k,100,48,4.8,4.3,1.32,1.312,1,1 H100i GTX,OCCT 1hr,L546B905,3066 15-16-1635-2T @ 1.25v,Asus z170 Extreme,LLC Level 5,Yes,1.25,1.1125
error-id10t,6700k,100,48,4.8,4.3,1.33,1.354,1,"Custom Loop, 360mm",x264 5.5hr (x45),L526B223,3200 16-16-18-36 @ 1.35v,Asus z170 Hero,LLC Level 5,Yes,1.1,1.1
smonkie,6700k,100,48,4.8,4.2,1.37,1.4,,D15 Delid+IHS Reseat,"IBT x10, Cinebench x3",Malay L524B277,2133 15-15-15-35 @ 1.36v,Asus z170 A,LLC Level 5,Yes,,
Shremi,6700k,100,48,4.8,4.1,1.345,1.354,1,"Custom Loop, 420mm PP for CPU and SLI 980s",OCCT 1hr,,Stock @ Stock voltage,MSI z170 XPOWER Titanium Edition,LLC Auto,Yes,,
FortySIXn2,6600k,100,48,4.8,4.1,1.34,1.376,1,Hyper 212 Evo PP,x264 16T 9hr (x58),Malay L549C368,XMP 2400 16-16-16-39 @ 1.2,Asus z170 Ranger,"LLC Level 5, 63C max temp, 20C ambient",Yes,,
whitesedan,6700k,100,48,4.8,4.1,1.365,1.376,1,Enermax Liqtech 240S,x264 7.5hr (x60),L605G559,3200 @16-16-16-36-2T @ 1.355v,Asus z170 Impact,LLC Level 5,Yes,,
lays,6700k,100,48,4.8,4.1,1.38,1.376,0.8,1080mm Rad + Delid,P95 v28.8 Size 8 1hr,Malay L550C776,3600 16-16-16-36-2T @ 1.35v,ASRock z170 Formula,"LLC 1, SI Binned @ 4.8ghz",Yes,1.2,1.27
MgrBuddha,6700k,100,48,4.8,4.1,1.415,1.392,1,x61,x264 16T 7hr,Malay L537B128,Stock 3000 15-16-16-36 @ 1.35v,Asus z170 Extreme,"LLC Level 5, P95 v27.9 for 30 min but aborted due to temps",Yes,,
oparr,6700k,100,48,4.8,4.1,1.408,1.416,1,H100i GTX Delid Reseal,"x264 6hr (x50), Realbench 4hr, P95 v28.7 Blend 2hr",L536B198,3200 16-18-18-36 @ 1.35v,Asus z170 Gene,LLC Level 6,Yes,1.2,1.2
Rikuo,6700k,100,48,4.8,4.1,1.435,1.44,,Kraken x61,x264 10hr,Malay L527B622,3000 15-15-15 @ 1.35v,Asus z170 Hero,LLC Level 5,,,
Flattervieh,6700k,100,48,4.8,4.1,1.39,1.444,1,Kraken x61,OCCT 1hr,Malay L605F197,3000 15-17-17-35-2T @ 1.353v,Asus z170 Ranger,LLC Level 5,Yes,,
JySzE,6700k,100,48,4.8,4,1.415,1.454,1,"Custom Loop, 2 x 240mm, 1 x 120mm",x264 16T 5.5hr,L535B031,3000 15-17-17-35 @ 1.35v,Asus z170 Deluxe,LLC Level 7,Yes,,
Nikiz,6600k,100,48,4.8,3.9,1.37,1.36,1,H110i GT,Realbench 8hr,Malay L603F536,3000 15-17-17-39 @ 1.35v,Asus z170 A,,,,
whitesedan,6700k,100,48,4.8,3.9,1.36,1.37,1,Corsair H50,"x264 5hr, OCCT 1hr",L552C472,3200 16-18-18-36 @ 1.36v,MSI z170 M7,LLC Mode 1,Yes,,
Weber,6600k,100,48,4.8,3.9,1.425,1.392,,"H240x + MCR240-QP, Delid Reseat",x264 16T 8hr,Malay L524B346,2133 15-15-15-35-2T @ 1.2v,Asus z170 Deluxe,LLC Level 6,Yes,,
bazookatooths,6600k,100,48,4.8,3.5,1.385,1.368,0.8,H220-X,Realbench 8hr,Malay L531B218,XMP 2400 16-16-16-39 @ 1.2,Gigabyte z170 Gaming 7,LLC High,Yes,,
mccalas,6600k,100,48,4.8,3.5,1.425,1.416,1,H100i GTX,P95 v28.7 7hr,L521B469,2666 16-18-18-36 @ 1.2v,Gigabyte z170 Gaming 7,LLC High,Yes,,
Phreec,6700k,102,47,4.794,4.08,1.375,1.424,,D15,"P95 v27.9, 9hr x264",Malay L5205B417,2991 15-17-17-35 @ 1.355v (XMP 3000),Asus z170 Pro Gaming,LLC Auto,Yes,,
GroinShooter,6700k,111.2,43,4.783,4.226,1.435,1.454,1111,"Custom Loop, 360mm + Delid",OCCT L 6hr,Malay L549B954,2816 15-15-15-34 @ 1.2v,MSI z170 M7,LLC Mode 1,Yes,1.2,1.2
EniGma1987,6700k,136,35,4.76,4.625,1.49,1.424,1.36,"Custom Loop, 360mm, Delid","P95 v28.7 Small 7.5hr, x264 16T x10, Firestrike",L523B2xx,2992 15-15-15-36-2T @ 1.36v,ASRock z170 Extreme7+,Claims another 4hr of P95 v28.7 8k fft,,,
jmpboy,6300,125,38,4.75,4.75,1.475,1.472,1.25,Custom Loop (Koolance 380i block),P95 v28.7 1hr,X536a787,3666 17-19-19-46 @ 1.425v,Asus z170 Extreme,LLC Level 5,Yes,1.2125,1.2375
SteveRo,G4400,143.4,33,4.733,0.733,1.455,1.456,1.147,"Custom Loop, 2 x480mm",P95 v28.7 1hr,L536C126,3633 15-17-17-36 @ 1.4v,ASRock z170 OC Formula,LLC Level 1,Yes,1.2,1.2
misoonigiri,6700k,105,45,4.725,4.305,1.36,1.36,1.05,Noctua D15S,x264 16T 10hr (x83),Malay L547B352,3255 16-16-16-36-2T @ 1.35v,Asus z170 Hero,"LLC Level 5, Also claims 4hr Realbench",Yes,,
theunknownkid,6700k,100.13,47,4.71,4.1,1.44,1.416,,D15,"x264 16T x91, Realbench 8hr",,3600 18-19-19-39 @ 1.35v,MSI z170 Gaming M7,Max temp 74C,Yes,,
Ottesen,6700k,100,47,4.7,4.7,1.36,1.344,1,H100,"x264 x35, Aida64 10hr",L602F480,2133 14-14-14 @ 1.2v,Gigabyte z170 K3,LLC High,Yes,,
shredzy,6700k,100,47,4.7,4.7,1.37,1.376,1,Kraken x61,"Realbench 8hr, x264 16T 8hr",Malay L523B475,3200 16-16-16-36 @ 1.35v,Asus z170 Hero,LLC Level 5,Yes,,
THE REAL 7,6700k,100,47,4.7,4.7,1.43,1.424,1,"Custom Loop, 360mm","Realbench 4hr, x264 8hr, P95 27.9 9hr ",L523B383,3200 16-18-18-36 @ 1.35v,Asus z170 Hero,"LLC Level 5, 0902 BIOS",Yes,,
RomeoOG,6600k,100,47,4.7,4.6,1.375,1.39,,H100i v2,"P95 v28.7 Blend 1hr, Realbench 8hr, x265 8hr (x54)",Vietnam X548B256,XMP 3200 16-18-18-36 @ 1.35v,Asus z170 Pro Gaming,LLC Level 7,Yes,1.1,
deathroll,6700k,100,47,4.7,4.6,1.4 + 0.004,1.44,1,D14,"x264 16T x80 (~10hr), Realbench 8hr, HWBot x265 4k/8x Overkill",L535B145,2666 15-17-17-35 @ 1.2v,Asus z170 Hero,Level 5,Yes,,
llantant,6700k,100,47,4.7,4.5,1.375,1.392,1,H110i GTX,"P85 28.7 6hr, 1200% HCI, 2 hr StressAppTest",Malay L519B932,3733 17-17-17-37 @ 1.38v,Asus z170 Hero,"LLC Level 5, CPU/Ram current 140%, Cstates and EIST on, 4.8ghz @ 1.408v w/ x264",Yes,1.225,1.2375
Duality92,6600k,100,47,4.7,4.5,1.52,1.48,,"Custom Loop, 360mm + PP Vadar",x264 16T 5hr,X543B386,3333 14-16-16-36 @ 1.5v,MSI z170 M5,"No LLC on MSI mobos, he's mad bro",?,,
Jona1109,6600k,100,47,4.7,4.4,1.405,1.408,1,Enermax Liqtech 240,OCCT 4.4.1 L 1hr,X530B513,3000 15-16-16-28,ASrock z170 Gaming K4,LLC Level 2,Yes,,
SmokeySiFy,6600k,100,47,4.7,4.2,Offset +0.105,1.366,1,H110i GT,P95 v28.7 1.5hr,Malay L524B274,2666 15-17-17-35 @ 1.205v,Asus z170 AR,,Yes,,
madmanmarz,6600k,100,47,4.7,4.2,1.4,1.444,1,"Custom Loop, Delid Reseal",x264 16T 12hr (x81),Malay L524B278,DDR3 1500 7-8-8 @ 1.65v,ASRock K4/D3,"LLC Level 2, 4.6 @ 1.375v pre-delid; Also claims 3 hours of P95 v28.7",Yes,,
TomcatV,6700k,100,47,4.7,4.1,1.28,1.326,1,Kraken x61,P95 v28.9 Blend 1hr,Malay L609F028,XMP 2800 15-17-17-37 @ 1.35v,Asus z170 Hero,LLC Level 5,Yes,,
ASFOMP,6700k,100,47,4.7,4.1,1.256,1.328,,H110i GT,Realbench 8hr,Malay L519B744,XMP 3000 15-15-15-35 @ 1.35v,Asus z170 Hero,LLC Level 5,Yes,,
Abovethelaw,6700k,100,47,4.7,4.1,1.33,1.328,,H240-X,x264 6hr,Malay L527B622,3200 16-16-16-35 @ 1.25v,ASRock z170 Extreme+,"LLC Level 2, also claims P95 v26.6 1hr",Yes,,
Antipathy,6700k,100,47,4.7,4.1,1.334,1.328,1,D15,x264 16T 6.5hr (x50),Malay L548B846,3200 16-16-16-36 @ 1.35v,Asus z170 Deluxe,LLC Level 5,Yes,,
selbyftw,6700k,100,47,4.7,4.1,1.38,1.344,1,"H100i GTX, Delid","x264 16T x123 (24hr), Realbench 8hr",L538B759,XMP 2666 16-18-18-35 @ 1.2v,MSI z170 M7,"LLC Mode 1, SI binned 4.8ghz @ 1.424v, Bios v1.93",Yes,,
CannedBullets,6700k,100,47,4.7,4.1,1.36,1.344,1,H115i,x264 16T 12hr ,Malay L547B597,3000 15-16-16-35 @ 1.35v,Asus z170 Sabertooth,"LLC Level 5, SI binned 4.7 ghz",Yes,,
topet2k12002,6700k,100,47,4.7,4.1,1.344 + 0.02,1.345,,Custom Loop,Realbench 4hr (4gb used),X618D002,2666 17-17-17-35 @ 1.2v,Asus z160 Sabertooth Mk I,LLC Level 5,Yes,0.905,1.05
Falakes,6700k,100,47,4.7,4.1,1.34,1.363,1,H110i GTX,"P95 v28.7 8k 1hr, x264 16T 10hr (x50)",L527B204,3000 14-15-15-35 @ 1.36v,Asus z170 Ranger,LLC Level 5,Yes,1.115,1.2
Baenwort,6700k,100,47,4.7,4.1,1.4,1.398,1,Custom Loop Delid,"P95 v28.9 Small 14hr, OCCT 1hr, x264 16T 12hr",L537B115,3000 15-15-15-39 @ 1.36v,z170 Gigabyte UD5,LLC High,Yes,,1.2
Ex0duS5150,6700k,100,47,4.7,4.1,1.398,1.408,0.8,D14 Delid,x264 9.5hr (x77),Vietnam X551C435,3200 17-18-18-38-2T @ 1.36v,Asus z170 Pro Gaming,"LLC Level 5, 140% Current Capability, Extreme Power Duty, Extreme Phase Control",Yes,,
k4sh,6700k,100,47,4.7,4.1,1.4,1.408,1,"Custom Loop (x1 240mm, x1 360mm) + Delid",x264 16T 8hr (x63),Malay L520C023,XMP 2800 15-15-15-35 @ 1.25v,Asus z170 Pro Gaming,"LLC Level 4, estimates 4.7 would take 1.442v",Yes,1.14,1.19
markm75,6700k,100,47,4.7,4.1,1.4 - 0.008,1.434,1,"Thermaltake 3.0 Ultimate Riing 360mm, Delid",P95 27.9 Blend 24hr,X623C611,3200 @1.41v,Asus z170 A,"LLC Level 6, 87C in Prime but claims 68C outside of stressing",Yes,,
Z0eff,6700k,100,47,4.7,4.1,1.44,1.46,1,Noctua D14,x264 16T 10hr,Malay L520B631,XMP 3200 15-17-17-35 @ 1.35v,Asus z170 Pro Gaming,LLC Level 5,,,
Duality92,6600k,100,47,4.7,4,1.5,1.488,0.8,"Custom Loop, 2x280mm, Delid",OCCT 1hr,X543B836,XMP 3200 C16 @ 1.35v,Gigabyte z170 Gaming 5,LLC High,Yes,,
Balkeep,6600k,100,47,4.7,3.9,1.43,1.424,1,D14 Delid Reseal,x264 16T 7hr (x45),Ukraine X544B730,2400 14-16-16-32 @ 1.2v,Asus z170 A,LLC Level 3,Yes,,
Nenkitsune,6600k,100,47,4.7,3.5,1.355,1.344,0.8,TD02-Lite,x264 16T 5hr,L548B508,2666 17-17-17-39 @ 1.32v,Gigabyte z170 XP SLI,LLC High,Yes,,
Saiyamoto,6600k,136.75,34,4.65,4.51,1.44,1.44,1.093,Custom Loop,x264 16T 8hr (x52),Malay L524B406,3100 15-17-17-35 @ 1.35v,Asus z170 A,LLC Level 6,Yes,1.15,1.15
Zaen,6600k,101,46,4.646,4.646,1.465 + 0.01,1.488,1.01,H100i GTX,"OCCT 4.4.1 1.1hr, x264 16T 4.5hr (x41), HCI Memtest",Malay L519B886,3000 15-16-16-35 @ 1.352v,Asus z170 Pro Gaming,"LLC Level 5, Phase Control Extreme, CPU Current 140%, Uses iGPU instead of discrete GPU",Yes,,
qqqq,6400,171,27,4.616,4.616,1.35,1.332,0.8,D14,P95 v28.7 S 1hr,Malay L524B509,3200 16-16-16-36 @ 1.35v,Gigabyte z170 D3H,LLC High,,,
DeathAngel47,6700k,100.02,46,4.6011,4.4011,1.35 + 0.02,1.368,1,H100i v2 PP,"P95 v28.7 Small FFTs 1hr, P95 v26.6 Small FFTs, Large FFTs 1hr, Realbench 1hr",Vietnam X548C056,XMP 3200 16-18-18-36-2T @ 1.35v,Asus z170 Hero,LLC Level 6,Yes,1.224,1.216
Incog,6600k,100,46,4.6,4.6,Offset +0.01,1.318,0.8,Scythe Katana 4 PP,P95 v27.9 8k 4hr,Malay L519C025,2400 16-16-16-39 @ 1.2v,Gigabyte z170 M-D3H,,Yes,,
FiShBuRn,6700k,100,46,4.6,4.6,1.36,1.344,1,"Custom Loop, 240mm",x264 16T 9hr (x72),,3200 15-16-16-35 @ 1.35v,Asus z170 Gene,LLC Level 4,Yes,1.35,1.35
Nevetas,6700k,100,46,4.6,4.6,1.37 +0.001 offset,1.376,1,H100i GTX,"x264 16T x100, Realbench 16hr, P95 v28.7 8k 5hr",,XMP 3000 15-17-17-35 @ 1.35v,Asus z170 Extreme,,Yes,,
The REAL 7,6700k,100,46,4.6,4.6,1.35,1.384,,Custom Loop Delid,Realbench 8hr,L526B258,XMP 3200 16-18-18-36 @ 1.35v,Asus z170 Hero,LLC Level 5,Yes,1.2,1.25
Jpmboy,6600k,100,46,4.6,4.6,1.46,1.452,1,Custom Loop,"P95 v28.7 2.5hr (Various FFT sizes), x264 (x50)",Engineering Sample,3466 16-18-18-44 @ 1.49v,Asus z170 Extreme,"LLC Level 5, PCH 1.075v, DMI 1.22v",Yes,1.212,1.212
SteveRo,6300,121.053,46,4.6,4.6,1.5,1.5?,967.9,"Custom Loop, 2x480mm ",P95 v28.7 1hr,,2098 15-15-15-35 @ 1.4v,ASRock z170 OC Formula,"LLC Level 1, Dual cores mean low temps",Yes,1.2,1.2
scyther,6600k,100,46,4.6,4.5,1.32,1.312,1,Cryorig H5 Ultimate,x265 16T 8hr (x50),malay L547C123,XMP 2400 15-15-15-35,Asus z170 AR,LLC Level 6,Yes,,
Cyro999,6700k,100,46,4.6,4.5,1.39,1.392,1,Silver Arrow,x264 16T x50,Meow!,3200 16-18-18-36 @ 1.35v,Asus z170 Hero,LLC Level 5,Yes,1.1375,1.1375
spddmn24,6600k,100,46,4.6,4.4,1.35,1.375,1,H801 GT,Realbench 8hr,L524B406,3000 15-15-15-35 @ 1.38v,MSI z170 Krait Gaming,LLC 1,Yes,,1.2
Bride,6600k,100,46,4.6,4.4,1.335,1.416,1,ID-Cooling Frostflow 120,OCCT Small 1hr,China X548B047,3000 15-15-15-35,ASRock z170 X13.1,"A choke was overheating, but was fixed with an extra fan",Yes,,
Halbs,6700k,100,46,4.6,4.3,Offset +60mv,1.296,1,Deepcool Maelstrom 120mm,"x164 16T 11hr (x86), OCCT 1hr",Malay L537B214,3200 15-16-16-35 @ 1.384v,ASRock z170 AC,"LLC Level 2, Finds cooling to be subpar",Yes,,
WiLLSK,6600k,100,46,4.6,4.3,1.365,1.36,1,H100i GTX,x264 x45 (7hr),,XMP 2666 15-17-17-35 @ 1.2,Asus z170 Gene,LLC Level 6,Yes,,
Strife21,6600k,100,46,4.6,4.2,1.32,1.328,,H100i GTX PP,Realbench 2.41 6.5hr,Malay L524B277,XMP 3000 15-15-15-35 @ 1.35v,Asus z170 Hero,"LLC Level 5, Needed to use ""Tweak Mode 1"" to get the ram working at XMP",,,
Wacko90901,6700k,100,46,4.6,4.2,1.365,1.344,,Custom Loop,"P95, Aida64 30 minutes",Malay L527B622,2800 16-16-16-37 @ 1.2v,MSI z170 M7,,,,
Asmola,6700k,100,46,4.6,4.2,1.36,1.344,1,U14S,P95 v28.7 72hr,L527B283,3466 16-17-17-38 @ 1.353v,Asus z170 Gene,LLC Level 5,Yes,,
austinmrs,6600k,100,46,4.6,4.2,1.43,1.344,1,H110i GT,x264 16T 8hr,L547B504,2133 @ 1.2v,Asus z170 hero,LLC Level 5,Yes,,
krutoydiesel,6700k,100,46,4.6,4.2,1.34,1.344,0.8,"Custom Loop, 360+280mm, CPU + 980ti",x264 16T 18hr (x141),Vietnam X630B755,15-17-17-35 @ 1.35v,LLC Level 5,Up to 68C under stress,Yes,,
thetyrantcbass,6600k,100,46,4.6,4.2, Offset + 0.06v,1.38,1,D15 LNA,x264 16T 8hr (x51),X548C134,2400 16-16-39-2T @ 1.2v,Gigabyte z170 UD5,"LLC High, Also claims P95 28.7 Blend tested",Yes,,
deathroll,6700k,100,46,4.6,4.2,1.375,1.394,1,D14,x264 16T 9hr (x70),L525B417,2666 15-17-17-35 @1.2v,Asus z170 Hero,LLC Level 5,Yes,,
stixi,6700k,100,46,4.6,4.2,1.3,1.424,1,H110i GTX,x264 16T 8hr,Malay L5198743,3200 15-16-16-30 @ 1.353v,Asus z170 Gene,LLC Level 6,,,
ansontzcheung,6700k,100,46,4.6,4.1,1.296,1.325,,H110i GT,Realbench 4hr,Malay L518B951,XMP 3000 15-15-15-35 @ 1.35v,Asus z170 Hero,LLC Level 5,,,
alphadecay,6700k,100,46,4.6,4.1,1.311,1.339,1,Nepton 240M,x264 16T 5hr (x40),Malay L530B223,2800 15-15-15-35 @ 1.35v,Asus z170 A,,Yes,,
Scoundrel,6700k,100,46,4.6,4.1,1.36,1.36,,H100i,P95 v28.7 24hr,Malay L5208610,XMP 3200 16-18-18-36 1T @1.35v,Asus z170 Hero,LLC Level 5; Says 0802 UEFI works better than previous version,Yes,,
Exley,6700k,100,46,4.6,4.1,1.33 + .005,1.392,,H100i GTX,"x264 16T 5hr (x40), Realbench 1hr",Malay L537B213,3000 15-15-15-35 @ 1.35v,Asus z170 Hero,LLC Level 5,Yes,,
SimpleTech,6700k,100,46,4.6,4,1.355,1.332,0.8,Custom Loop,x264 16T 13.5hr (x103),Malay L535B053,2133 15-15-15-35-2T @ 1.2v,Gigabyte z170 Gaming 7,"LLC High, CPU Microcode v35",Yes,,
allen5924,6700k,100,46,4.6,4,1.27,1.345,,H100i GTX,x264 16T 6.4hr,Malay L519B892,XMP 2666 16-18-18-35 @ 1.35v,Gigabyte z170 5,,Yes,,
shredzy,6700k,100,46,4.6,4,1.325,1.328,,H110i GTX,Realbench 8hr,Malay  L523B541,XMP  2666 16-18-18-35 @1.2v,Asus z170 Hero,LLC Level 5,,,1.15
ThunderCleese,6700k,100,46,4.6,4,1.375,1.356,0.8,PhanteksTC14PE,x264 16T 22.5hr (x172),Malay L518C404,2400 15-15-15-35 @ 1.2v,Gigabyte z170 Gaming 5,Mobo lacks fine Fclk/LLC adjustment,Yes,,
andyck26,6600k,100,46,4.6,3.9,1.265,1.264,1,U14S,x264 16T 6.5hr (x41),Malay L520B673,2600 15-17-17-35 @ 1.2v,Asus z170 Ranger,LLC Level 5,Yes,,
Benny99,6600k,100,46,4.6,3.9,1.28,1.28,1,D14,x264 16T 8hr (x50),Malay L549B847,3000 15-17-17-35 @ 1.35v,Asus z170 Hero,LLC Level 5,Yes,1.1,1.1
Terranigma73,6600k,100,46,4.6,3.9,1.31,1.312,1,Scythe Fuma PP,x264 12hr (x32),L603F536,2400 16-16-16 @ 1.2v,ASRock z170 Extreme 4,LLC Level 1,Yes,,
Zhany,6600k,100,46,4.6,3.9,1.35,1.328,1,H105,"x264 16T x50, IBT x10",,2666 16-18-18-35 @ 1.2v,z170 MSI SLI Plus,"LLC Mode 1, Cannot hit 4.7ghz under 1.4v",Yes,1.12,1.2
Gorhell,6600k,100,46,4.6,3.9,,1.352,1,Cm Huper 212x,OCCT Large 1hr,L545B437,2666 16-18-18-36-2T @ 1.2v,Asus z170 Ranger,,Yes,,
tone1492,6600k,100,46,4.6,3.9,1.365,1.373,1,Seidon 120 PP,x264 x50,Malay L549B657,2666 15-17-17-35 @ 1.2v,MSI z170 A,LLC Mode 1,Yes,,
dlewbell,6600k,100,46,4.6,3.5,1.31,1.296,1,PhanteksTC14PE,P95 v28.7 Small 1hr,,XMP 3000 15-17-17-35 @ 1.35v,Gigabyte z170 Sniper,LLC High,Yes,,
Soapbox187,6700k,190,24,4.56,4.37,1.4,1.408,,H110i GTX Push/Pull,"P95 1344 2hr, gaming, Firestrike",Germany,3040 15-17-17-35 @1.35v,Asus z170 A,"LLC Auto, PCH voltage 1.1v",,1.15,
Balu0,6600k,130,35,4.55,4.16,1.37,1.408,1.04,H110,P95 v28.7 1hr,Hungary L521B645,~2800 14-15-15-39 @ 1.35v,Asus z170 Ranger,LLC Level 6,Yes,,1.2
creisti86,6600,136.5,33,4.504,4.504,1.35,1.344,1.091,ThermalRight Ultra 120 Extrene,x264 16T 8hr,Romania L548C127,2183 15-15-1535 @ 1.2v,Gigabyte z170 Gaming 7,"LLC High, Ram downclocked",Yes,,
jaket1980,6600k,100,45,4.5,4.5,1.295,1.273,1,H100i,P95 v27.9 Blend 9.5hr,,2400 15-15-15-35 @ 1.2012v,Asus z170 AR,"LLC Level 5, ~64C @ Prime",Yes,,
Mr0czny,6700k,100,45,4.5,4.5,1.35,1.342,,PhanteksTC14PE,P95 v28.7 Blend 4.5hr,L524B416,3200 16-16-16-36 @ 1.35v,Asus z170 Hero,"LLC Level 3, 0802 bios, Ripjaws V",Yes,1.2,1.2
Ikera,6600,136.45,33,4.5,4.5,1.36,1.356,1.364,CM Hyper 212 LED,P95 v28 1hr,,2545 15-16-16-36 @ 1.24v,Gigabyte z170 XP-SLI,LLC High,Yes,,
wildzcardz,6700k,100,45,4.5,4.5,,1.36,,"212 Evo PP, Delid",P95 v28.7 1hr,,3200 16-16-16-36 @ 1.35v,ASRock z170 K6+,LLC Level 3,Yes,,
Pants536,6700k,100,45,4.5,4.3,1.3,1.284,1,CM Hyper 212 Evo,x264 16T 5hr,,2400 15-15-15-35 @ 1.2v,Gigabyte z170 Gaming 5,"LLC High, 68C average temp",Yes,,
FEAR6655,6700k,100,45,4.5,4.1,1.31,1.296,1,Kuhler H2O 620,x264 x80 (10hr+),Malay L519B744,2666 14-15-15-36 @ 1.225v,Asus z170 Pro Gaming,LLC Level 4,Yes,,
hapyhar0ld,6600k,100,45,4.5,4.1,1.325,1.32,1,H110i GT,P95 v28.7 Small 25hr,Malay L524B315,2133 13-15-15-28 @ 1.2v,Asus z170m Plus,LLC Level 5,Yes,,
HOODedDutchman,6700k,100,45,4.5,4.1,1.331,1.336,1,Arctic Cooling Freezer 13,"x264 16T 7hr, IBT Max x20",L606F306,2666 16-18-18-35 @ .2v,,,Yes,,
d13mass,6700k,100,45,4.5,4.1,1.38,1.36,1,D14,x264 16T 11hr,L531B269,2800 16-16-16-37 @ 1.2v,MSI z170 Gaming M5,"4,5ghz @ ~1.44v",Yes,,
AverdanOriginal,6600k,100,45,4.5,4,1.28,1.28,1,Noctua NH-U9s,P95 v28.7 1hr,L518C005,3000 15-17-17-35 @ 1.35v,Asus z170 Hero,"LLC Level 6, Also claims Realbench 2hr",Yes,1.1,1.1
VulcanDragon,6700k,100,45,4.5,4,1.36,1.371,,CM Evo 212 PP,x264 13hr,Malay L523B380,XMP 3000 15-15-15-35 @ 1.35v,Gigabyte z170 Gaming 7,,Yes,,
nasuellia,6700k,100,45,4.5,4,1.44,1.411,,H110i,P95 v28.5 6hr,Malay L519B875,2400 16-16-16-39-2T @ 1.2v,MSI z170 M5,,Yes,,
NikoJohnson,6600k,100,45,4.5,3.9,1.3,1.312,1,Cryorig M9i,OCCT Medium 12hr,Malay L540B484,3000 18-21-21-40 @ 1.2v,MSI z170 Tomahawk,LLC Level 1,Yes,,
Guzmanus,6700k,100,45,4.5,3.8,Offset +85mv,1.316,1,Noctua U12S,P95 v28.7 1344 1.25hr,,2600 15-17-17-38 T2 @ 1.35v,ASRock z170 Extreme 4,LLC Level 4,Yes,1.05,1.15
Lucky 23,6700k,100,45,4.5,4.4,1.255,1.299,1,"Alphacool 360mm, 240mm, 120mm",Realbench 6hr,Malay L548B3990,"3000 15-16-1635 @ 1,.35v",Gigabyte z170 Gaming 6,LLC High,Yes,,
Sn4ke,6700k,100,45,4.5,4.3,1.308,1.31,1,CM Hyper 212 Evo PP,"x264 16T 5hr (x37), Realbench 5hr",X548B937,3200 16-16-16-35 @ 1.35v,Asus z170 Hero,LLc Level 5,Yes,,
Riffraf,6600k,100,45,4.5,3.5,1.174,1.296,0.8,CM Hyper 212 Evo PP,P95 v28.7 Blend 1.5hr,,2666 14-14-14-36,Gigabye z170 D3H,,Yes,,
acphydro,6600k,100,44,4.4,4.2,,1.248,1,Thermalright Truespirit 140,P95 Blend v26.6 21hr,,3200 15-17-17-35-1T @ 1.36v,Asus z170 AR,LLC Level 4,Yes,,
NinjaDuck,6600k,100,44,4.4,3.9,1.36,1.36,0.8,BeQuiet! Dark Rock 3,"P95 28.7 Blend 14hr, Realbench 1hr",L521B645,2666 15-17-17-36 @ 1.2v,Asus z170 Pro Gaming,LLC Level 4,Yes,,
konspiracy,6600k,100.1,42,4.204,3.502,1.27,1.24,0.8,"Custom Loop, 360mm+240",P95 28.7 Blend 9hr,Malay L524B406,2133 15-15-15-36 @ 1.2v,Gigabyte z170 XP-SLI,LLC High,Yes,,
jmpboy,6300,102.66,38,3.9,3.9,1.2,1.2,,Custom Loop (Koolance 380i block),P95 v28.7 1hr,,3700 18-20-20-48 @ 1.5v,Asus z170 Extreme,LLC Level 5,Yes,,
,,,,,,,,,,,,,,,,,
Sample Size,143,,,,,,,,,,,,,,,,
Average OC,4.68,Median OC,,4.70,,,,,,,,,,,,,
Average Vcore,1.38,Median Vcore,,1.38,,,,,,,,,,,,,1337
,,,,,,,,,,,,,,,,,
,,,,,,,,,,,,,,,,,
,,,,,,,,,,,,,,,,,
,,,,,, ,,,Such overlock wow,,,,,,,,
,,,,,,,,,,,,,,,,,
,,,,,,,,,,,,,,,,,
,,,,,,,,,,,,,,,,,
,,,,,,,,,,,,,,,,,
,,,,,,,,,,,,,,,,,
,,,,,,,,,,,,,,,,,
,,,,,,,,,,This gives you a rough idea of where you stand.,,,,,,,
,,,,,,,,,,,,,,,,,
,,,,,,,,,,Top 1%,5,,,,,,
,,,,,,,,,,Top 4%,4.90552,,,6600k,6700k,,
,,,,,,,,,,Top 22%,4.8,,Average Clock,4.64,4.70,,
,,,,,,,,,,46th Percentile,4.8,,Average Voltage,1.37,1.38,,
,,,,,,,,,,Bottom 32%,4.7,,,,,,
,,,,,,,,,,Bottom 9%,4.7,,,,,,
,,,,,,,,,,Bottom 2.5%,4.4,,,,,,
,,,,,,,,,,,,,,,,,
,,,,,,,,,,,,,,,,,
,,,,,,,,,,,,,,,,,
,,,,,,,,,,,,,,,,,
,,,,,,,,,,,,,,,,,
,,,,,,,,,,,,,,,,,
,,,,,,,,,,,,,,,,,
,,,,,,,,,,,,,,,,,
,,,,,,,,,,,,,,,,,
,,,,,,,,,,,,,,,,,
,,,,,,,,,,,,,,,,,
,,,,,,,,,,,,,,,,,
,,,,,,,,,,,,,,,,,
,,,,,,,,,,,,,,,,,
,,,,,,,,,,,,,,,,,
,,,,,,,,,,,,,,,,,
,,,,,,,,,,,,,,,,,
,,,,,,,,,,,,,,,,,
,,,,,,,,,,,,,,,,,
Secondary Chart (For people who did not fufill minimum requirements to be in the main chart.),,,,,,,,,,,,,,,,,
Shiftstealth,6700k,101.1,49,4.95,,1.45,1.44,0.804,"Custom Loop, 480mm, Delid",XTU? IBT? 1hr,2133 15-15-15-35-2T,Gigabyte z170 Gaming 3,LLC High,HT Off,,,
Chronicfx,6700k,100,49,4.9,4.5,1.49,1.488,1,"H110GT, Delid",x265,,3000 15-17-17-35 @ 1.368v,Gigabyte z170 Gaming 7,LLC Higher,,1.17,1.17
Menkes,6700k,101.6,48,4.851,4.2,1.35,1.408,,Custom Loop,Aida 2hr,,XMP 3000 15-15-15-35 @ 1.35v,Asus z170 Hero,,Yes,,
Steveace2,6700k,100,48,4.8,4.7,1.41,1.424,,Custom Loop Delid+IHS Reseat,x264 x4,Malay L527B622,3200 15-17-17-35 @ 1.35v,Asus z170 Pro Gaming,LLC Level 5,Yes,,
Piers,6700k,100,48,4.8,4.5,1.32,,,H110 GT,x264 FHD Benchmark 3hr,,2667 15-17-17-35 @ 1.2v,Asus z170 Hero,,Yes,,
mtrai,6600k,100,48,4.8,4.3,1.425,1.425,1,Hyper Evo 212,Realbench 4hr,,3200 16-18-18-36 @ 1.392,Asus z170 A,LLC Level 5,Yes,,
dani1337,6600k,100,48,4.8,4.2,,1.36,1,Artic Freezer Xtreme v2,"P95 28.5 1344 2hr, x264 15T 1.5hr",,2800 17-18-18-36 @ 1.3v,Asus z170 P,LLC Level 2,,1.12,1.12
SaveIIM,6700k,100,48,4.8,4.2,1.45,1.411,,H80,Cinebench R15 and 3D mark 3 pass,L525B430,3200 16-18-18-36 @ 1.35v,Asus z170 Hero,Will be updated in the future,Yes,,
sub-zero378,6600k,100,47,4.7,4,1.372,1.408,0.8,h100i v2 + CLU Paste,Realbench 2hr,Malay L548B532,17-18-18-36 @ 1.5v,Asus z170 Pro Gaming,LLC Level 4,,,
Marpin,6700k,100,47,4.7,4.6,1.385,1.408,1,H100i GTX,x264 16T 5hr (x40),Malay L537B220,3466 16-17-17-32 @ 1.344v,Asus z170 Impact,LLC Level 6,,,
newdeathscope,6700k,100,46,4.6,,1.285,1.3,,D15,IBT Very High 13he,Vietnam X554C412,2133 14-14-35,Asus z170 Plus,First time OCer,Yes,,
The REAL 7,6700k,100,46,4.6,4.6,1.35,1.384,,Custom Loop Delid,Realbench 4hr,L529B427,3200 16-18-18-36 @ 1.35v,Asus z170 Hero,LLC Level 5,Yes,,
Mjolken,6700k,100,46,4.6,4.4,1.38,1.384,1,D15,x264 16T 6hr (x55),,XMP 2666 16-18-18-35-2T @ 1.2v,Asus z170 Pro Gaming,LLC Level 5,,,
Qba73,6700k,100,46,4.6,4,1.328,,,H100i GTX,,Malay L523B475,XMP 3000 15-15-15-35 @ 1.35v,Asus z170 Deluxe,LLC Level 5,,,1.07
johnyb0y,6600k,102,44,4.48,4.48,1.161,1.29,,Thermaltake Macho Rev. A,LinX 0.6.5 3hr,,3180 16-16-16-36-2T @ 1.368v,Gigabyte z170 HD3P,,Yes,,
Colonel_Gerdauf,6600k,100,40,4/0,4,1.2,1.188,,Switech H240-X,P95 v28.7 Large 1hr,,2400 c14,Gigabyte z170 Gaming 5,,,,
Imakuniaw,6600k,101.5,42,4.263,4.263,1.275,1.296,1,H55,Lots of Prime95,,3145 15-18-18-36-2T @ 1.4v,ASRock z170 Extreme 4+,LLC Level 3,,,
JamesRC,6600k,100,42,4.2,3.9,1.2,1.168,1,Cryorig H5,P95 v28.7 4hr,,,,,,,
,,,,,,,,,,,,,,,,,
,,,,,,,,,,,,,,,,,
"Overclocks are listed in descending order from highest net core frequency to lowest. In ties, the higher cache clock will be placed higher up. If that is also a tie, the overclock using less voltage wins. If that is also a tie, first person to get the spot wins.",,,,,,,,,,,,,,,,,
,,,,,,,,,,,,,,,,,
"IHS Reseated means delid and the IHS was put back into place, in other words not bare die. IHS Resealed means Siliconlottery has resealed the IHS back on, a la Intel but in a better way. ",,,,,,,,,,,,,,,,,
,,,,,,,,,,,,,,,,,
The data from this spreadsheet is from http://www.overclock.net/t/1570313/skylake-overclocking-guide-with-statistics.,,,,,,,,,,,,,,,,,
,,,,,,,,,,,,,,,,,
"Skylake is no longer the latest-gen mainstream Intel line of processors. As such, no updates to this chart are guarenteed anymore.",,,,,,,,,,,,,,,,,